0,Intro=You want to play Bondage Poker?  Alright!  I badly need to lose.  (giggles)
1,Intro=After all those trips to the Bondage Club.  Bondage Poker will be a nice change.
2,Intro=A kinky game of Bondage Poker should prepare me well for a night at the club.
3,Intro=Bondage Poker?  I don't care much about poker but I would love to be tied up.
4,"Intro=Are you trying to tie me and fuck me with this game?  If so, then I accept!"
5,Win=I can't believe I won!  I might not be a total submissive after all.
6,Win=(She puts you in a clumsy but inescapable bondage)  Let's have some fun!
7,Win=Now give me pleasure!  (She puts you in a tie where you can still masturbate her)
8,Win=That was so much fun!  I'll leave you tied up and come back with my friend Amanda.
9,"Win=Now that you're all tied up, I'll invite Mistress Sophie to punish us both."
10,071-099-Chat=I never thought that I would wear this.  Mistress Sophie would be surprised.
11,071-099-Chat=Soon I'll win this game and force you to masturbate me while in bondage.
12,"071-099-Chat=I probably have a strap on somewhere, should I try it on you?"
13,071-099-Chat=I admit it.  All this bondage talk is getting me really wet.
14,071-099-Chat=This leather feels strange.  I might not be suited to be a dominatrix.
15,071-099-Chat=Mistress Sophie would kill me if she saw me wearing her outfit.
16,071-099-Chat=I also have a riding crop under my bed.  You'll taste the crop soon!
17,071-099-Chat=(giggles) I'm winning!  You have to show me your private parts.
18,071-099-Chat=Why I'm I getting all wet when I think about ropes and gags?
19,071-099-Chat=You'll be so sexy in bondage.  I'll give you so many orgasms.
20,"071-099-Chat=Okay slave!  Put your hands behind...  I can't do this, I'm a poor dom."
21,071-099-Chat=If you want you can still tie me up in this dominatrix outfit.
22,"071-099-Chat=If Amanda would see me like this, it would blow her mind!"
23,071-099-Chat=Bla bla bla... (She talks about a random subject and doesn't shut up)
24,"041-070-Chat=Some switch between dom and sub.  Me, I know that I am a submissive."
25,041-070-Chat=You should play this game with Amanda.  I don't know if she's game though.
26,"041-070-Chat=For the next game I'll call Amanda, it would initiate her to bondage."
27,041-070-Chat=This game will arouse me before another night at the Bondage Club.
28,041-070-Chat=Are you also getting horny like me?  I'll need to orgasm soon.
29,041-070-Chat=Do you also have a schoolgirl fetish?  What about a bound schoolgirl?
30,041-070-Chat=If you tie me up I also want to be silenced by your biggest ball gag.
31,041-070-Chat=I wish I could leave school and play bondage games all day.
32,"041-070-Chat=One day I'll invite Mistress Sophie to play, she will kick your ass."
33,041-070-Chat=This last night at the Bondage Club was fabulous.  I'm still shaking.
34,041-070-Chat=Would you like to tie me up in my school uniform or naked?
35,041-070-Chat=You would not believe the letter that I found from my coed.
36,"041-070-Chat=Please don't waste too much time, tie me up and fuck me!"
37,041-070-Chat=My dream game of Bondage Poker would be against my coed Amanda.
38,041-070-Chat=Bla bla bla... (She talks about a random subject and doesn't shut up)
39,021-040-Chat=Common!  Play better!  I'm naked but I'm not tied up yet!
40,021-040-Chat=I like the way you look at me.  You're a pervert just like me.
41,021-040-Chat=Do you like what you see?  (She dances for you and show you her breast)
42,"021-040-Chat=If only my roommate Amanda was here, it would be so much better."
43,021-040-Chat=My luck is doing great!  I'm losing.  (giggles)
44,021-040-Chat=You can throw my clothes away if you want.  I won't get them back.
45,021-040-Chat=I have a special leg spreader that you can try on me if you want.
46,021-040-Chat=If you tie me then do it tight.  I don't want to pretend to be helpless.
47,021-040-Chat=This Bondage Poker game is getting me so horny.  Can I masturbate now?
48,021-040-Chat=Do you think my breast is too small?  Mistress Sophie has way bigger juggs.
49,021-040-Chat=I feel so vulnerable naked like this.  Will you abuse me?
50,021-040-Chat=I'll be in trouble if Amanda comes home.  It would be great!
51,"021-040-Chat=The other day I spied on my coed in the shower, she was so pretty."
52,021-040-Chat=Bla bla bla... (She talks about a random subject and doesn't shut up)
53,"001-020-Chat=Yes, this is perfect.  (Her bondage seems to please her)"
54,001-020-Chat=(She tries to free herself from the ropes but it doesn't work)
55,001-020-Chat=Oooohhhh yeah!  (She seems to be turned on by her predicament)
56,001-020-Chat=(She shows you her wet pussy so you know that she's aroused)
57,001-020-Chat=I can't play like this!  Play for me and give me bad cards.
58,001-020-Chat=Bla bla bla... (She talks about a random subject and needs to be gagged)
59,"001-020-Chat=Enough already!  Where is my gag?  Okay, I cannot give ordersâ€¦"
60,"001-020-Chat=We should call mistress Sophie, she can give me the strongest orgasms."
61,001-020-Chat=Cool rope bondage!  (She struggles playfully and tests her bonds)
62,001-020-Chat=I wish that Amanda would be tied next to me.  I could kiss her.
63,001-020-Chat=You know what would be nice?  Being tied like this at school.
64,"001-020-Chat=What kind of gag will you use?  Ball, ring, scarf, bit or another?"
65,001-020-Chat=Cool!  You've brought the leather leg spreader.  Can I try it?
66,"Lose=(She struggles in her leg spreader, waiting for your next move, have fun)"
67,Lose=(Amanda's voice) Sarah?  (Will you invite Amanda to see her bound coed?)
68,"Lose=(She struggles to make sure she cannot escape the leg spreader, she's yours)"
69,"Lose=(She struggles in the spreader and bites the gag, you should have fun tonight)"
70,Lose=RRIIINNG! (Sophie is calling.  Will you invite her to punish this slave?)
