Disconnected,You've disconnected from the server.
EnterPassword,Enter your password to log back in.
Account,Account name:
Password,Password:
LogBackIn,Log back in
Leave,Leave
ValidatingNamePassword,Validating name and password...
LoginQueueWait,Waiting in queue on position: QUEUE_POS
InvalidNamePassword,Invalid name or password
ErrorDisconnectedFromServer,Disconnected from server. Retrying...
ErrorDuplicatedLogin,Disconnected for duplicated login
ErrorUnableToConnect,Unable to connect to server. Retrying...
ErrorRateLimited,Connection rejected: your connection has been rate limited.
EnterNamePassword,Enter your name and password
