Line0,Disclaimer
Line1,
Line2,"Many assets (drawings, real pictures & sounds) used in the Bondage Club game are not owned by the"
Line3,Bondage Club developers or Bondage Projects.  The game is an open source community and these assets
Line4,"were imported from all over the web, making it almost impossible to track and credit all the sources."
Line5,
Line6,"If you're the owner of one of these assets, please inform Ben987 on Patreon, Discord or DeviantArt."
Line7,"It will be up to you to be credited for it, have a link to your website or have it removed from the game."
Line8,"As owner, we will respect your decision.  We apologize for the inconvenience."
Line9,
Line10,Please accept this disclaimer to create your character.
Line11,¹BC - Bondage Club
Line12,²BP - Bondage Projects
Return,Return
Accept,I accept
