Title,Use your mouse or finger to grab and spin the wheel
Wait,Hold your breath
Roleplay,Roleplay mode
Random,Random Spin
Exit,Don't spin the wheel
Spin,spins CharacterName lucky wheel
SpinRoleplay,spins CharacterName roleplay lucky wheel
Result,lucky wheel lands on:
ResultRoleplay,roleplay lucky wheel lands on:
OptionA,Gagged
OptionB,Gagged for 5 minutes
OptionC,Gagged for 15 minutes
OptionD,Gagged for 60 minutes
OptionE,Gagged for 4 hours
OptionF,Blindfolded
OptionG,Blindfolded for 5 minutes
OptionH,Blindfolded for 15 minutes
OptionI,Blindfolded for 60 minutes
OptionJ,Blindfolded for 4 hours
OptionK,Arms bound
OptionL,Arms bound for 5 minutes
OptionM,Arms bound for 15 minutes
OptionN,Arms bound for 60 minutes
OptionO,Arms bound for 4 hours
OptionP,Legs bound
OptionQ,Legs bound for 5 minutes
OptionR,Legs bound for 15 minutes
OptionS,Legs bound for 60 minutes
OptionT,Legs bound for 4 hours
OptionU,Full bondage
OptionV,Full bondage for 5 minutes
OptionW,Full bondage for 15 minutes
OptionX,Full bondage for 60 minutes
OptionY,Full bondage for 4 hours
Optiona,Encased
Optionb,Encased for 5 minutes
Optionc,Encased for 15 minutes
Optiond,Encased for 60 minutes
Optione,Encased for 4 hours
Optionf,No wardrobe for 5 minutes
Optiong,No wardrobe for 15 minutes
Optionh,No wardrobe for 60 minutes
Optioni,No wardrobe for 4 hours
Optionj,Isolation cell for 5 minutes
Optionk,Isolation cell for 15 minutes
Optionl,Isolation cell for 30 minutes
Optionm,Isolation cell for 60 minutes
Option$,Hogtie bondage
Option!,Shibari bondage
Option&,Futuristic bondage
Option@,Maid outfit
Option#,ADBL outfit
Option+,Slave outfit
Option-,Lingerie
Option(,Underwear
Option),Naked
Option0,Others should cheer for you
Option1,Others should pat your head
Option2,Others should hug you
Option3,Others should tickle you
Option4,Others should kiss you
Option5,Others should pinch you
Option6,Others should spank you
Option7,Others should caress you
Option8,Others should grope you
Option9,Others should masturbate you
