Title,Configure the options on your lucky wheel
TitleView,View the options on DestinationCharacter lucky wheel
Next,Next options
CheckAll,Check all
CheckNone,Check none
Default,Reset to default
Save,Save and exit
Cancel,Cancel and exit
OptionA,Gagged
OptionB,Gagged for 5 minutes
OptionC,Gagged for 15 minutes
OptionD,Gagged for 60 minutes
OptionE,Gagged for 4 hours
OptionF,Blindfolded
OptionG,Blindfolded for 5 minutes
OptionH,Blindfolded for 15 minutes
OptionI,Blindfolded for 60 minutes
OptionJ,Blindfolded for 4 hours
OptionK,Arms bound
OptionL,Arms bound for 5 minutes
OptionM,Arms bound for 15 minutes
OptionN,Arms bound for 60 minutes
OptionO,Arms bound for 4 hours
OptionP,Legs bound
OptionQ,Legs bound for 5 minutes
OptionR,Legs bound for 15 minutes
OptionS,Legs bound for 60 minutes
OptionT,Legs bound for 4 hours
OptionU,Full bondage
OptionV,Full bondage for 5 minutes
OptionW,Full bondage for 15 minutes
OptionX,Full bondage for 60 minutes
OptionY,Full bondage for 4 hours
Optiona,Encased
Optionb,Encased for 5 minutes
Optionc,Encased for 15 minutes
Optiond,Encased for 60 minutes
Optione,Encased for 4 hours
Optionf,No wardrobe for 5 minutes
Optiong,No wardrobe for 15 minutes
Optionh,No wardrobe for 60 minutes
Optioni,No wardrobe for 4 hours
Optionj,Isolation cell for 5 minutes
Optionk,Isolation cell for 15 minutes
Optionl,Isolation cell for 30 minutes
Optionm,Isolation cell for 60 minutes
Option$,Hogtie bondage
Option!,Shibari bondage
Option&,Futuristic bondage
Option[,Pet bondage
Option],Web bondage
Option@,Maid outfit
Option#,ABDL outfit
Option+,Slave outfit
Option-,New clothes
Option(,Underwear
Option),Naked
Option0,Others should cheer for you
Option1,Others should pat your head
Option2,Others should hug you
Option3,Others should tickle you
Option4,Others should kiss you
Option5,Others should pinch you
Option6,Others should spank you
Option7,Others should caress you
Option8,Others should grope you
Option9,Others should masturbate you
OptionÂ²,Spin again twice
