ActivityKiss,Kiss
ActivityFrenchKiss,French Kiss
ActivityPoliteKiss,Polite Kiss
ActivityGaggedKiss,Gagged Kiss
ActivityLick,Lick
ActivitySuck,Suck
ActivityNibble,Nibble
ActivityBite,Bite
ActivityWhisper,Sexy Whisper
ActivityTickle,Tickle
ActivityCaress,Caress
ActivityPet,Pet
ActivityCuddle,Cuddle
ActivityRub,Body Rub
ActivityMassageHands,Hands Massage
ActivityMassageFeet,Feet Massage
ActivityPolish,Polish
ActivityGrope,Grope
ActivityPinch,Pinch
ActivitySpank,Spank
ActivitySlap,Slap
ActivityTakeCare,Take Care
ActivityPull,Pull
ActivityChoke,Choke
ActivityMasturbateTongue,Tongue Masturbation
ActivityMasturbateHand,Hand Masturbation
ActivityMasturbateFist,Fist Masturbation
ActivityMasturbateFoot,Foot Masturbation
ActivityMasturbateItem,Masturbate
ActivityPenetrateSlow,Slow Penetration
ActivityPenetrateFast,Fast Penetration
ActivityHandGag,Hand Gag
ActivityRestHead,Rest Head
ActivitySpankItem,Spank
ActivityTickleItem,Tickle
ActivityRubItem,Rub
ActivityRollItem,Roll
ActivityPourItem,Pour
ActivityShockItem,Shock
ActivityInject,Inject
ActivityMoanGag,Moan into Gag
ActivityMoanGagWhimper,Whimper into Gag
ActivityMoanGagAngry,Shout into Gag
ActivityMoanGagGroan,Groan into Gag
ActivityMoanGagTalk,Talk into Gag
ActivityMoanGagGiggle,Giggle into gag
ActivityGagKiss,Kiss on Gag
ActivityWiggle,Wiggle
ActivityNod,Nod
ActivitySit,Sit
ActivityStruggleArms,Struggle
ActivityStruggleLegs,Struggle
ActivityStep,Step
OrgasmFailResist0,"SourceCharacter is tormented by the vibrations, struggling to keep her cool."
OrgasmFailResist1,"SourceCharacter struggles against the intense vibrations, hardly able to control herself."
OrgasmFailResist2,SourceCharacter resists the stimulation until it finally cuts off abruptly.
OrgasmFailTimeout0,"SourceCharacter vibrators stop abruptly, leaving her trembling yet still just as aroused as before."
OrgasmFailTimeout1,"SourceCharacter moans and trembles, holding back only because the vibrators abruptly stopped."
OrgasmFailTimeout2,"SourceCharacter twists and turns trying to hold back, vindicated by an abrupt end to her torment."
OrgasmFailSurrender0,"SourceCharacter closes her eyes and tries to let herself go, clinging to the edge until it abruptly stops and leaves her feeling empty."
OrgasmFailSurrender1,SourceCharacter moans and silently screams as the vibrators almost bring her to the edge before stopping.
OrgasmFailSurrender2,"SourceCharacter trembles with pleasure until the teasing comes to an abrupt end, feeling just as aroused as before."
Orgasm0,"SourceCharacter trembles and moans loudly, getting a powerful orgasm."
Orgasm1,"SourceCharacter thrashes and loses all control, getting an intense orgasm."
Orgasm2,"SourceCharacter screams silently and rocks her hips, getting a wonderful orgasm."
Orgasm3,"With intense pleasure, SourceCharacter gets a shattering orgasm."
Orgasm4,"SourceCharacter closes her eyes and lets herself go, getting a lovely orgasm."
Orgasm5,SourceCharacter cannot resist the pleasure and succumbs to a great orgasm.
Orgasm6,"Trembling and moaning rapidly, SourceCharacter gets a fierce orgasm."
Orgasm7,"SourceCharacter squirts lots of liquid from her vagina, getting a wet orgasm."
Orgasm8,"SourceCharacter's body cringes and becomes rigid, getting a long and solid orgasm."
Orgasm9,"SourceCharacter goes berserk with pleasure, giving her two back-to-back orgasms."
OrgasmResist0,"Using all of her strengths, SourceCharacter is able to resist her building orgasm."
OrgasmResist1,SourceCharacter fights really hard against her orgasm and is able to resist it.
OrgasmResist2,"While panting and moaning, SourceCharacter is able to resist her orgasm."
OrgasmResist3,"SourceCharacter fights off her coming orgasm, her willpower is greater than her urges."
OrgasmResist4,SourceCharacter concentrates hard and is able to calm down her upcoming orgasm.
OrgasmResist5,SourceCharacter screams silently and fights hard to finally control her orgasm.
OrgasmResist6,"Even while trembling without much control, SourceCharacter can resist her orgasm."
OrgasmResist7,"SourceCharacter's body jerks in all directions, but she manages to fight off her orgasm."
OrgasmResist8,"SourceCharacter meditates and takes deep breathes, resisting her building orgasm."
OrgasmResist9,"By pure luck or some miracle, SourceCharacter is able to combat her orgasm."
Label-ChatOther-ItemArms-Bite,Bite Arm
Label-ChatOther-ItemArms-Caress,Caress Arms
Label-ChatOther-ItemArms-Cuddle,Cuddle
Label-ChatOther-ItemArms-GaggedKiss,Rub Gag on Arm
Label-ChatOther-ItemArms-Grope,Grab Arm
Label-ChatOther-ItemArms-Inject,Inject Arms
Label-ChatOther-ItemArms-Kiss,Kiss Arm
Label-ChatOther-ItemArms-Lick,Lick Arm
Label-ChatOther-ItemArms-MassageHands,Massage Arms
Label-ChatOther-ItemArms-Nibble,Nibble Arm
Label-ChatOther-ItemArms-Pinch,Pinch Upper Arm
Label-ChatOther-ItemArms-PourItem,Pour on Arm
Label-ChatOther-ItemArms-RollItem,Roll over Arm
Label-ChatOther-ItemArms-RubItem,Rub on Arm
Label-ChatOther-ItemArms-ShockItem,Shock Arm
Label-ChatOther-ItemArms-Spank,Spank Arm
Label-ChatOther-ItemArms-SpankItem,Spank Arm
Label-ChatOther-ItemArms-Tickle,Tickle Arms
Label-ChatOther-ItemArms-TickleItem,Tickle Arm
Label-ChatOther-ItemBoots-Bite,Bite Foot
Label-ChatOther-ItemBoots-GaggedKiss,Touch Foot with Gag
Label-ChatOther-ItemBoots-Kiss,Kiss Foot
Label-ChatOther-ItemBoots-Lick,Lick Feet
Label-ChatOther-ItemBoots-MassageFeet,Play with Feet
Label-ChatOther-ItemBoots-MassageHands,Massage Feet
Label-ChatOther-ItemBoots-Nibble,Nibble Feet
Label-ChatOther-ItemBoots-PoliteKiss,Polite Kiss on Foot
Label-ChatOther-ItemBoots-PourItem,Pour on Feet
Label-ChatOther-ItemBoots-RollItem,Roll over Feet
Label-ChatOther-ItemBoots-RubItem,Rub on Feet
Label-ChatOther-ItemBoots-ShockItem,Shock Feet
Label-ChatOther-ItemBoots-Spank,Spank Sole
Label-ChatOther-ItemBoots-SpankItem,Spank Feet
Label-ChatOther-ItemBoots-Suck,Suck Big Toe
Label-ChatOther-ItemBoots-TakeCare,Polish Toenails
Label-ChatOther-ItemBoots-Tickle,Tickle Sole
Label-ChatOther-ItemBoots-TickleItem,Tickle Feet
Label-ChatOther-ItemBreast-Bite,Bite Breast
Label-ChatOther-ItemBreast-Caress,Caress Breast
Label-ChatOther-ItemBreast-GaggedKiss,Press Gag on Breast
Label-ChatOther-ItemBreast-Grope,Grope Breast
Label-ChatOther-ItemBreast-Inject,Inject Breasts
Label-ChatOther-ItemBreast-Kiss,Kiss Breast
Label-ChatOther-ItemBreast-Lick,Lick Breast
Label-ChatOther-ItemBreast-MasturbateHand,Masturbate Breast
Label-ChatOther-ItemBreast-MasturbateItem,Masturbate Breast
Label-ChatOther-ItemBreast-PourItem,Pour on Breast
Label-ChatOther-ItemBreast-RestHead,Rest Head on Breast
Label-ChatOther-ItemBreast-RollItem,Roll over Breast
Label-ChatOther-ItemBreast-RubItem,Rub on Breast
Label-ChatOther-ItemBreast-ShockItem,Shock Breast
Label-ChatOther-ItemBreast-Slap,Slap Breast
Label-ChatOther-ItemBreast-SpankItem,Spank Breast
Label-ChatOther-ItemBreast-Step,Step on Breast
Label-ChatOther-ItemBreast-Tickle,Tickle Breast
Label-ChatOther-ItemBreast-TickleItem,Tickle Breast
Label-ChatOther-ItemButt-Bite,Bite Butt
Label-ChatOther-ItemButt-Caress,Caress Butt
Label-ChatOther-ItemButt-GaggedKiss,Rub Gag on Butt
Label-ChatOther-ItemButt-Grope,Grope Butt
Label-ChatOther-ItemButt-Inject,Inject Butt
Label-ChatOther-ItemButt-Kiss,Kiss Butt
Label-ChatOther-ItemButt-MasturbateFist,Fist Ass
Label-ChatOther-ItemButt-MasturbateHand,Finger Ass
Label-ChatOther-ItemButt-MasturbateItem,Masturbate Butt
Label-ChatOther-ItemButt-MasturbateTongue,Tongue Masturbate Ass
Label-ChatOther-ItemButt-PenetrateFast,Fast Penetration
Label-ChatOther-ItemButt-PenetrateSlow,Slow Penetration
Label-ChatOther-ItemButt-PourItem,Pour on Butt
Label-ChatOther-ItemButt-RollItem,Roll over Butt
Label-ChatOther-ItemButt-RubItem,Rub on Butt
Label-ChatOther-ItemButt-ShockItem,Shock Butt
Label-ChatOther-ItemButt-Spank,Spank Butt
Label-ChatOther-ItemButt-SpankItem,Spank Butt
Label-ChatOther-ItemButt-Step,Press Foot in Ass
Label-ChatOther-ItemButt-TickleItem,Tickle Butt
Label-ChatOther-ItemEars-Bite,Bite Ear
Label-ChatOther-ItemEars-Caress,Caress Ear
Label-ChatOther-ItemEars-GaggedKiss,Gag Kiss on Ear
Label-ChatOther-ItemEars-Kiss,Kiss Ear
Label-ChatOther-ItemEars-Lick,Lick Ear
Label-ChatOther-ItemEars-Nibble,Nibble Ear
Label-ChatOther-ItemEars-Pinch,Pinch Ear
Label-ChatOther-ItemEars-RollItem,Roll over Ear
Label-ChatOther-ItemEars-RubItem,Rub on Ear
Label-ChatOther-ItemEars-TickleItem,Tickle Ear
Label-ChatOther-ItemEars-Whisper,Whisper in Ear
Label-ChatOther-ItemFeet-Bite,Bite Leg
Label-ChatOther-ItemFeet-Caress,Caress Leg
Label-ChatOther-ItemFeet-GaggedKiss,Touch Leg with Gag
Label-ChatOther-ItemFeet-Grope,Grope Leg
Label-ChatOther-ItemFeet-Inject,Inject Legs
Label-ChatOther-ItemFeet-Kiss,Kiss Leg
Label-ChatOther-ItemFeet-Lick,Lick Leg
Label-ChatOther-ItemFeet-MassageHands,Massage Leg
Label-ChatOther-ItemFeet-MasturbateItem,Masturbate Leg
Label-ChatOther-ItemFeet-Nibble,Nibble Leg
Label-ChatOther-ItemFeet-PourItem,Pour on Leg
Label-ChatOther-ItemFeet-RollItem,Roll over Leg
Label-ChatOther-ItemFeet-RubItem,Rub on Leg
Label-ChatOther-ItemFeet-ShockItem,Shock Leg
Label-ChatOther-ItemFeet-Spank,Spank Leg
Label-ChatOther-ItemFeet-SpankItem,Spank Legs
Label-ChatOther-ItemFeet-Tickle,Tickle Leg
Label-ChatOther-ItemFeet-TickleItem,Tickle Leg
Label-ChatOther-ItemHands-Bite,Bite Hand
Label-ChatOther-ItemHands-Caress,Caress Hand
Label-ChatOther-ItemHands-GaggedKiss,Touch Hand with Gag
Label-ChatOther-ItemHands-Kiss,Kiss Hand
Label-ChatOther-ItemHands-Lick,Lick Hand
Label-ChatOther-ItemHands-Nibble,Nibble Hand
Label-ChatOther-ItemHands-PoliteKiss,Polite Kiss on Hand
Label-ChatOther-ItemHands-Spank,Spank Hand
Label-ChatOther-ItemHands-SpankItem,Spank Hands
Label-ChatOther-ItemHands-Suck,Suck Fingers
Label-ChatOther-ItemHands-TakeCare,Polish Nails
Label-ChatOther-ItemHead-Bite,Bite Hair
Label-ChatOther-ItemHead-Caress,Caress Face
Label-ChatOther-ItemHead-GaggedKiss,Gag Kiss Forehead
Label-ChatOther-ItemHead-Kiss,Kiss Forehead
Label-ChatOther-ItemHead-Pet,Pet Head
Label-ChatOther-ItemHead-Pull,Pull Hair
Label-ChatOther-ItemHead-Rub,Rub Breast on Face
Label-ChatOther-ItemHead-Slap,Slap Face
Label-ChatOther-ItemHead-Step,Rub Foot on Face
Label-ChatOther-ItemHead-TakeCare,Brush Hair
Label-ChatOther-ItemHood-RubItem,Rub on Head
Label-ChatOther-ItemHood-TickleItem,Tickle Head
Label-ChatOther-ItemLegs-Bite,Bite Thigh
Label-ChatOther-ItemLegs-Caress,Caress Thighs
Label-ChatOther-ItemLegs-GaggedKiss,Rub Gag on Thighs
Label-ChatOther-ItemLegs-Grope,Grope Thigh
Label-ChatOther-ItemLegs-Inject,Inject Legs
Label-ChatOther-ItemLegs-Kiss,Kiss Thigh
Label-ChatOther-ItemLegs-Lick,Lick Thigh
Label-ChatOther-ItemLegs-MassageHands,Massage Thighs
Label-ChatOther-ItemLegs-MasturbateItem,Masturbate Thigh
Label-ChatOther-ItemLegs-Nibble,Nibble Thighs
Label-ChatOther-ItemLegs-PourItem,Pour on Thigh
Label-ChatOther-ItemLegs-RestHead,Rest Head in Lap
Label-ChatOther-ItemLegs-RollItem,Roll over Thigh
Label-ChatOther-ItemLegs-RubItem,Rub on Thigh
Label-ChatOther-ItemLegs-ShockItem,Shock Thigh
Label-ChatOther-ItemLegs-Sit,Sit in Lap
Label-ChatOther-ItemLegs-Spank,Spank Thighs
Label-ChatOther-ItemLegs-SpankItem,Spank Legs
Label-ChatOther-ItemLegs-Tickle,Tickle Thighs
Label-ChatOther-ItemLegs-TickleItem,Tickle Thigh
Label-ChatOther-ItemMouth-Bite,Bite Lips
Label-ChatOther-ItemMouth-Caress,Clean Mouth
Label-ChatOther-ItemMouth-FrenchKiss,French Kiss
Label-ChatOther-ItemMouth-GaggedKiss,Gag Kiss on Cheek
Label-ChatOther-ItemMouth-GagKiss,Kiss on Gag
Label-ChatOther-ItemMouth-HandGag,Clamp Hand over Mouth
Label-ChatOther-ItemMouth-Kiss,Kiss Lips
Label-ChatOther-ItemMouth-Lick,Lick Lips
Label-ChatOther-ItemMouth-Nibble,Nibble Lips
Label-ChatOther-ItemMouth-PenetrateFast,Fast Penetration
Label-ChatOther-ItemMouth-PenetrateSlow,Slow Penetration
Label-ChatOther-ItemMouth-PoliteKiss,Kiss on Cheek
Label-ChatOther-ItemMouth-RollItem,Roll over Mouth
Label-ChatOther-ItemMouth-RubItem,Rub on Mouth
Label-ChatOther-ItemMouth-TickleItem,Tickle Mouth
Label-ChatOther-ItemNeck-Bite,Bite Neck
Label-ChatOther-ItemNeck-Caress,Caress Neck
Label-ChatOther-ItemNeck-Choke,Choke Neck
Label-ChatOther-ItemNeck-GaggedKiss,Touch Neck with Gag
Label-ChatOther-ItemNeck-Inject,Inject Neck
Label-ChatOther-ItemNeck-Kiss,Kiss Neck
Label-ChatOther-ItemNeck-Lick,Lick Neck
Label-ChatOther-ItemNeck-MassageHands,Massage Neck
Label-ChatOther-ItemNeck-Nibble,Nibble Neck
Label-ChatOther-ItemNeck-RollItem,Roll over Neck
Label-ChatOther-ItemNeck-RubItem,Rub on Neck
Label-ChatOther-ItemNeck-Step,Gently Foot on Neck
Label-ChatOther-ItemNeck-ShockItem,Shock Neck
Label-ChatOther-ItemNeck-Tickle,Tickle Neck
Label-ChatOther-ItemNeck-TickleItem,Tickle Neck
Label-ChatOther-ItemNipples-Bite,Bite Nipple
Label-ChatOther-ItemNipples-Caress,Caress Nipples
Label-ChatOther-ItemNipples-GaggedKiss,Press Gag on Nipple
Label-ChatOther-ItemNipples-Kiss,Kiss Nipple
Label-ChatOther-ItemNipples-Lick,Lick Nipple
Label-ChatOther-ItemNipples-MasturbateItem,Masturbate Nipple
Label-ChatOther-ItemNipples-Nibble,Nibble Nipple
Label-ChatOther-ItemNipples-Pinch,Pinch Nipple
Label-ChatOther-ItemNipples-PourItem,Pour on Nipple
Label-ChatOther-ItemNipples-Pull,Pull Nipples
Label-ChatOther-ItemNipples-RollItem,Roll over Nipple
Label-ChatOther-ItemNipples-RubItem,Rub on Nipple
Label-ChatOther-ItemNipples-ShockItem,Shock Nipple
Label-ChatOther-ItemNipples-SpankItem,Spank Nipples
Label-ChatOther-ItemNipples-Suck,Suck Nipple
Label-ChatOther-ItemNipples-TickleItem,Tickle Nipple
Label-ChatOther-ItemNose-Bite,Bite Nose
Label-ChatOther-ItemNose-Caress,Caress Nose
Label-ChatOther-ItemNose-Choke,Pinch Nostrils Shut
Label-ChatOther-ItemNose-Cuddle,Nose-nuzzle
Label-ChatOther-ItemNose-GaggedKiss,Bump Gag on Nose
Label-ChatOther-ItemNose-Kiss,Kiss Nose
Label-ChatOther-ItemNose-Lick,Lick Nose
Label-ChatOther-ItemNose-Nibble,Nibble Nose
Label-ChatOther-ItemNose-Pet,Boop Nose
Label-ChatOther-ItemNose-Pinch,Pinch Nose
Label-ChatOther-ItemNose-Pull,Pull Nose
Label-ChatOther-ItemNose-Rub,Rub Nose
Label-ChatOther-ItemNose-RubItem,Rub on Nose
Label-ChatOther-ItemNose-Step,Force to Smell Feet
Label-ChatOther-ItemNose-TickleItem,Tickle Nose
Label-ChatOther-ItemPelvis-Caress,Caress Tummy
Label-ChatOther-ItemPelvis-GaggedKiss,Gag Kiss Tummy
Label-ChatOther-ItemPelvis-Grope,Grope Tummy
Label-ChatOther-ItemPelvis-Kiss,Kiss Tummy
Label-ChatOther-ItemPelvis-Lick,Lick Tummy
Label-ChatOther-ItemPelvis-MassageHands,Massage Tummy
Label-ChatOther-ItemPelvis-MasturbateItem,Masturbate Tummy
Label-ChatOther-ItemPelvis-Nibble,Nibble Tummy
Label-ChatOther-ItemPelvis-Pinch,Pinch Tummy
Label-ChatOther-ItemPelvis-PourItem,Pour on Tummy
Label-ChatOther-ItemPelvis-RollItem,Roll over Tummy
Label-ChatOther-ItemPelvis-RubItem,Rub on Tummy
Label-ChatOther-ItemPelvis-ShockItem,Shock Tummy
Label-ChatOther-ItemPelvis-Spank,Spank Tummy
Label-ChatOther-ItemPelvis-SpankItem,Spank Tummy
Label-ChatOther-ItemPelvis-Step,Press Foot on Chest
Label-ChatOther-ItemPelvis-Tickle,Tickle Tummy
Label-ChatOther-ItemPelvis-TickleItem,Tickle Tummy
Label-ChatOther-ItemTorso-Bite,Bite Back
Label-ChatOther-ItemTorso-Caress,Caress Back
Label-ChatOther-ItemTorso-GaggedKiss,Gag Kiss Back
Label-ChatOther-ItemTorso-Kiss,Kiss Back
Label-ChatOther-ItemTorso-Lick,Lick Back
Label-ChatOther-ItemTorso-MassageFeet,Foot Massage Back
Label-ChatOther-ItemTorso-MassageHands,Massage Back
Label-ChatOther-ItemTorso-Nibble,Nibble Ribs
Label-ChatOther-ItemTorso-PourItem,Pour on Back
Label-ChatOther-ItemTorso-RollItem,Roll over Back
Label-ChatOther-ItemTorso-Rub,Rub Bodies
Label-ChatOther-ItemTorso-RubItem,Rub on Back
Label-ChatOther-ItemTorso-ShockItem,Shock Back
Label-ChatOther-ItemTorso-Spank,Spank Back
Label-ChatOther-ItemTorso-SpankItem,Spank Back
Label-ChatOther-ItemTorso-Step,Rest Feet on Back
Label-ChatOther-ItemTorso-Tickle,Tickle Ribs
Label-ChatOther-ItemTorso-TickleItem,Tickle Back
Label-ChatOther-ItemVulva-Caress,Caress Pussy
Label-ChatOther-ItemVulva-GaggedKiss,Push Gag in Pussy
Label-ChatOther-ItemVulva-Kiss,Kiss Pussy Lips
Label-ChatOther-ItemVulva-Lick,Lick Pussy Lips
Label-ChatOther-ItemVulva-MasturbateFist,Fist Pussy
Label-ChatOther-ItemVulva-MasturbateFoot,Foot Masturbate Pussy
Label-ChatOther-ItemVulva-MasturbateHand,Finger Pussy
Label-ChatOther-ItemVulva-MasturbateItem,Device on Pussy
Label-ChatOther-ItemVulva-MasturbateTongue,Tongue Masturbate Pussy
Label-ChatOther-ItemVulva-Nibble,Nibble Pussy Lips
Label-ChatOther-ItemVulva-PenetrateFast,Fast Penetration
Label-ChatOther-ItemVulva-PenetrateSlow,Slow Penetration
Label-ChatOther-ItemVulva-RubItem,Rub on Vulva
Label-ChatOther-ItemVulva-ShockItem,Shock Vulva
Label-ChatOther-ItemVulva-Slap,Slap Pussy Lips
Label-ChatOther-ItemVulva-SpankItem,Spank Pussy
Label-ChatOther-ItemVulva-TickleItem,Tickle Vulva
Label-ChatOther-ItemVulvaPiercings-Caress,Caress Clitoris
Label-ChatOther-ItemVulvaPiercings-GaggedKiss,Gag Kiss Clitoris
Label-ChatOther-ItemVulvaPiercings-Inject,Inject Clitoris
Label-ChatOther-ItemVulvaPiercings-Kiss,Kiss Clitoris
Label-ChatOther-ItemVulvaPiercings-Lick,Lick Clitoris
Label-ChatOther-ItemVulvaPiercings-MasturbateFoot,Foot Masturbate Clitoris
Label-ChatOther-ItemVulvaPiercings-MasturbateHand,Finger Clitoris
Label-ChatOther-ItemVulvaPiercings-MasturbateItem,Device on Clitoris
Label-ChatOther-ItemVulvaPiercings-MasturbateTongue,Tongue Masturbate Clitoris
Label-ChatOther-ItemVulvaPiercings-Nibble,Nibble Clitoris
Label-ChatOther-ItemVulvaPiercings-RubItem,Rub on Clitoris
Label-ChatOther-ItemVulvaPiercings-ShockItem,Shock Clitoris
Label-ChatOther-ItemVulvaPiercings-Slap,Slap Clitoris
Label-ChatOther-ItemVulvaPiercings-SpankItem,Spank Clitoris
Label-ChatOther-ItemVulvaPiercings-TickleItem,Tickle Clitoris
Label-ChatSelf-ItemArms-Bite,Bite Arm
Label-ChatSelf-ItemArms-Caress,Caress Arms
Label-ChatSelf-ItemArms-Inject,Inject Arms
Label-ChatSelf-ItemArms-Kiss,Kiss Arm
Label-ChatSelf-ItemArms-Lick,Lick Arm
Label-ChatSelf-ItemArms-MassageHands,Massage Arms
Label-ChatSelf-ItemArms-Nibble,Nibble Arm
Label-ChatSelf-ItemArms-Pinch,Pinch Upper Arm
Label-ChatSelf-ItemArms-PourItem,Pour on Arm
Label-ChatSelf-ItemArms-RollItem,Roll over Arm
Label-ChatSelf-ItemArms-RubItem,Rub on Arm
Label-ChatSelf-ItemArms-ShockItem,Shock Arm
Label-ChatSelf-ItemArms-Spank,Spank Arm
Label-ChatSelf-ItemArms-SpankItem,Spank Arm
Label-ChatSelf-ItemArms-StruggleArms,Struggle against Binds
Label-ChatSelf-ItemArms-Tickle,Tickle Arm
Label-ChatSelf-ItemArms-TickleItem,Tickle Arm
Label-ChatSelf-ItemArms-Wiggle,Wiggle Shoulders
Label-ChatSelf-ItemBoots-Bite,Bite Foot
Label-ChatSelf-ItemBoots-Kiss,Kiss Foot
Label-ChatSelf-ItemBoots-Lick,Lick Feet
Label-ChatSelf-ItemBoots-MassageHands,Massage Feet
Label-ChatSelf-ItemBoots-Nibble,Nibble Feet
Label-ChatSelf-ItemBoots-PoliteKiss,Polite Kiss on Foot
Label-ChatSelf-ItemBoots-PourItem,Pour on Feet
Label-ChatSelf-ItemBoots-RollItem,Roll over Feet
Label-ChatSelf-ItemBoots-RubItem,Rub on Feet
Label-ChatSelf-ItemBoots-ShockItem,Shock Feet
Label-ChatSelf-ItemBoots-Spank,Spank Feet
Label-ChatSelf-ItemBoots-SpankItem,Spank Feet
Label-ChatSelf-ItemBoots-Suck,Suck Big Toe
Label-ChatSelf-ItemBoots-TakeCare,Polish Toenails
Label-ChatSelf-ItemBoots-Tickle,Tickle Feet
Label-ChatSelf-ItemBoots-TickleItem,Tickle Feet
Label-ChatSelf-ItemBoots-Wiggle,Wiggle Feet
Label-ChatSelf-ItemBreast-Caress,Caress Breast
Label-ChatSelf-ItemBreast-Grope,Grope Breast
Label-ChatSelf-ItemBreast-Inject,Inject Breasts
Label-ChatSelf-ItemBreast-Kiss,Kiss Breast
Label-ChatSelf-ItemBreast-Lick,Lick Breast
Label-ChatSelf-ItemBreast-MasturbateHand,Masturbate Breast
Label-ChatSelf-ItemBreast-MasturbateItem,Masturbate Breast
Label-ChatSelf-ItemBreast-PourItem,Pour on Breast
Label-ChatSelf-ItemBreast-RollItem,Roll over Breast
Label-ChatSelf-ItemBreast-RubItem,Rub on Breast
Label-ChatSelf-ItemBreast-ShockItem,Shock Breast
Label-ChatSelf-ItemBreast-Slap,Slap Breast
Label-ChatSelf-ItemBreast-SpankItem,Spank Breasts
Label-ChatSelf-ItemBreast-Tickle,Tickle Breast
Label-ChatSelf-ItemBreast-TickleItem,Tickle Breast
Label-ChatSelf-ItemBreast-Wiggle,Shake Breasts
Label-ChatSelf-ItemButt-Caress,Caress Butt
Label-ChatSelf-ItemButt-Grope,Grope Butt
Label-ChatSelf-ItemButt-Inject,Inject Butt
Label-ChatSelf-ItemButt-MasturbateFist,Fist Ass
Label-ChatSelf-ItemButt-MasturbateHand,Finger Ass
Label-ChatSelf-ItemButt-MasturbateItem,Masturbate Butt
Label-ChatSelf-ItemButt-PourItem,Pour on Butt
Label-ChatSelf-ItemButt-RollItem,Roll over Butt
Label-ChatSelf-ItemButt-RubItem,Rub on Butt
Label-ChatSelf-ItemButt-ShockItem,Shock Butt
Label-ChatSelf-ItemButt-Spank,Spank Butt
Label-ChatSelf-ItemButt-SpankItem,Spank Butt
Label-ChatSelf-ItemButt-TickleItem,Tickle Butt
Label-ChatSelf-ItemButt-Wiggle,Wiggle Butt
Label-ChatSelf-ItemEars-Caress,Caress Ear
Label-ChatSelf-ItemEars-Pinch,Pinch Ear
Label-ChatSelf-ItemEars-RollItem,Roll over Ear
Label-ChatSelf-ItemEars-RubItem,Rub on Ear
Label-ChatSelf-ItemEars-TickleItem,Tickle Ear
Label-ChatSelf-ItemEars-Wiggle,Wiggle Ears
Label-ChatSelf-ItemFeet-Bite,Bite Leg
Label-ChatSelf-ItemFeet-Caress,Caress Legs
Label-ChatSelf-ItemFeet-Inject,Inject Legs
Label-ChatSelf-ItemFeet-MassageHands,Massage Legs
Label-ChatSelf-ItemFeet-MasturbateItem,Masturbate Leg
Label-ChatSelf-ItemFeet-PourItem,Pour on Leg
Label-ChatSelf-ItemFeet-RollItem,Roll over Leg
Label-ChatSelf-ItemFeet-RubItem,Rub on Leg
Label-ChatSelf-ItemFeet-ShockItem,Shock Leg
Label-ChatSelf-ItemFeet-Spank,Spank Leg
Label-ChatSelf-ItemFeet-SpankItem,Spank Leg
Label-ChatSelf-ItemFeet-Tickle,Tickle Feet
Label-ChatSelf-ItemFeet-TickleItem,Tickle Leg
Label-ChatSelf-ItemFeet-Wiggle,Wiggle Legs
Label-ChatSelf-ItemHands-Bite,Bite Hand
Label-ChatSelf-ItemHands-Caress,Rub Hands Together
Label-ChatSelf-ItemHands-Kiss,Kiss Hand
Label-ChatSelf-ItemHands-Lick,Lick Back of Hand
Label-ChatSelf-ItemHands-Nibble,Nibble Hand
Label-ChatSelf-ItemHands-PoliteKiss,Small Kiss on Hand
Label-ChatSelf-ItemHands-Spank,Spank Hand with the Other
Label-ChatSelf-ItemHands-SpankItem,Spank Hands
Label-ChatSelf-ItemHands-Suck,Suck Fingers
Label-ChatSelf-ItemHands-TakeCare,Polish Nails
Label-ChatSelf-ItemHands-Wiggle,Wiggle Fingers
Label-ChatSelf-ItemHead-Caress,Caress Face
Label-ChatSelf-ItemHead-Nod,Nod
Label-ChatSelf-ItemHead-Pet,Pet Head
Label-ChatSelf-ItemHead-Pull,Pull Hair
Label-ChatSelf-ItemHead-Slap,Slap Face
Label-ChatSelf-ItemHead-TakeCare,Brush Hair
Label-ChatSelf-ItemHead-Wiggle,Shake Head
Label-ChatSelf-ItemHood-RubItem,Rub on Head
Label-ChatSelf-ItemHood-TickleItem,Tickle Head
Label-ChatSelf-ItemLegs-Bite,Bite Thigh
Label-ChatSelf-ItemLegs-Caress,Caress Thighs
Label-ChatSelf-ItemLegs-Inject,Inject Legs
Label-ChatSelf-ItemLegs-MassageHands,Massage Thighs
Label-ChatSelf-ItemLegs-MasturbateItem,Masturbate Thigh
Label-ChatSelf-ItemLegs-PourItem,Pour on Thigh
Label-ChatSelf-ItemLegs-RollItem,Roll over Thigh
Label-ChatSelf-ItemLegs-RubItem,Rub on Thigh
Label-ChatSelf-ItemLegs-ShockItem,Shock Thigh
Label-ChatSelf-ItemLegs-Spank,Spank Thigh
Label-ChatSelf-ItemLegs-SpankItem,Spank Leg
Label-ChatSelf-ItemLegs-StruggleLegs,Thrash in Bondage
Label-ChatSelf-ItemLegs-Tickle,Tickle Thighs
Label-ChatSelf-ItemLegs-TickleItem,Tickle Thigh
Label-ChatSelf-ItemLegs-Wiggle,Rub Thighs Together
Label-ChatSelf-ItemMouth-Bite,Bite Lips
Label-ChatSelf-ItemMouth-Caress,Clean Mouth
Label-ChatSelf-ItemMouth-HandGag,Clamp Hand over Mouth
Label-ChatSelf-ItemMouth-Lick,Lick Lips
Label-ChatSelf-ItemMouth-MoanGag,Moan
Label-ChatSelf-ItemMouth-MoanGagAngry,Scream Furiously
Label-ChatSelf-ItemMouth-MoanGagGiggle,Giggle
Label-ChatSelf-ItemMouth-MoanGagGroan,Groan Desperately
Label-ChatSelf-ItemMouth-MoanGagTalk,Mumble Incoherently
Label-ChatSelf-ItemMouth-MoanGagWhimper,Whimper Pleadingly
Label-ChatSelf-ItemMouth-Nibble,Nibble Lips
Label-ChatSelf-ItemMouth-RollItem,Roll over Mouth
Label-ChatSelf-ItemMouth-RubItem,Rub on Mouth
Label-ChatSelf-ItemMouth-TickleItem,Tickle Mouth
Label-ChatSelf-ItemNeck-Caress,Caress Neck
Label-ChatSelf-ItemNeck-Choke,Choke Self
Label-ChatSelf-ItemNeck-Inject,Inject Neck
Label-ChatSelf-ItemNeck-MassageHands,Massage Neck
Label-ChatSelf-ItemNeck-RollItem,Roll over Neck
Label-ChatSelf-ItemNeck-RubItem,Rub on Neck
Label-ChatSelf-ItemNeck-ShockItem,Shock Neck
Label-ChatSelf-ItemNeck-Tickle,Tickle Neck
Label-ChatSelf-ItemNeck-TickleItem,Tickle Neck
Label-ChatSelf-ItemNipples-Caress,Caress Nipple
Label-ChatSelf-ItemNipples-Kiss,Kiss Nipple
Label-ChatSelf-ItemNipples-Lick,Lick Nipple
Label-ChatSelf-ItemNipples-MasturbateItem,Masturbate Nipple
Label-ChatSelf-ItemNipples-Nibble,Nibble Nipple
Label-ChatSelf-ItemNipples-Pinch,Pinch Nipple
Label-ChatSelf-ItemNipples-PourItem,Pour on Nipple
Label-ChatSelf-ItemNipples-Pull,Pull Nipples
Label-ChatSelf-ItemNipples-RollItem,Roll over Nipple
Label-ChatSelf-ItemNipples-RubItem,Rub on Nipple
Label-ChatSelf-ItemNipples-ShockItem,Shock Nipple
Label-ChatSelf-ItemNipples-SpankItem,Spank Nipples
Label-ChatSelf-ItemNipples-Suck,Suck Nipple
Label-ChatSelf-ItemNipples-TickleItem,Tickle Nipple
Label-ChatSelf-ItemNose-Caress,Caress Nose
Label-ChatSelf-ItemNose-Choke,Pinch Nostrils Shut
Label-ChatSelf-ItemNose-Pet,Boop Nose
Label-ChatSelf-ItemNose-Pinch,Pinch Nose
Label-ChatSelf-ItemNose-Pull,Pull Nose
Label-ChatSelf-ItemNose-Rub,Rub Nose
Label-ChatSelf-ItemNose-RubItem,Rub on Nose
Label-ChatSelf-ItemNose-TickleItem,Tickle Nose
Label-ChatSelf-ItemNose-Wiggle,Wiggle Nose
Label-ChatSelf-ItemPelvis-Caress,Caress Tummy
Label-ChatSelf-ItemPelvis-MassageHands,Massage Tummy
Label-ChatSelf-ItemPelvis-MasturbateItem,Masturbate Tummy
Label-ChatSelf-ItemPelvis-Pinch,Pinch Tummy
Label-ChatSelf-ItemPelvis-PourItem,Pour on Tummy
Label-ChatSelf-ItemPelvis-RollItem,Roll over Tummy
Label-ChatSelf-ItemPelvis-RubItem,Rub on Tummy
Label-ChatSelf-ItemPelvis-ShockItem,Shock Tummy
Label-ChatSelf-ItemPelvis-Spank,Spank Tummy
Label-ChatSelf-ItemPelvis-SpankItem,Spank Tummy
Label-ChatSelf-ItemPelvis-Tickle,Tickle Tummy
Label-ChatSelf-ItemPelvis-TickleItem,Tickle Tummy
Label-ChatSelf-ItemPelvis-Wiggle,Wiggle Hips
Label-ChatSelf-ItemTorso-Caress,Caress Ribs
Label-ChatSelf-ItemTorso-MassageHands,Massage Back
Label-ChatSelf-ItemTorso-PourItem,Pour on Back
Label-ChatSelf-ItemTorso-RollItem,Roll over Back
Label-ChatSelf-ItemTorso-RubItem,Rub on Back
Label-ChatSelf-ItemTorso-ShockItem,Shock Back
Label-ChatSelf-ItemTorso-Spank,Spank Ribs
Label-ChatSelf-ItemTorso-SpankItem,Spank Ribs
Label-ChatSelf-ItemTorso-Tickle,Tickle Ribs
Label-ChatSelf-ItemTorso-TickleItem,Tickle Back
Label-ChatSelf-ItemTorso-Wiggle,Wiggle Body
Label-ChatSelf-ItemVulva-Caress,Caress Pussy
Label-ChatSelf-ItemVulva-MasturbateFist,Fist Pussy
Label-ChatSelf-ItemVulva-MasturbateHand,Masturbate Pussy
Label-ChatSelf-ItemVulva-MasturbateItem,Masturbate Vulva
Label-ChatSelf-ItemVulva-RubItem,Rub on Vulva
Label-ChatSelf-ItemVulva-ShockItem,Shock Vulva
Label-ChatSelf-ItemVulva-Slap,Slap Pussy
Label-ChatSelf-ItemVulva-SpankItem,Spank Pussy
Label-ChatSelf-ItemVulva-TickleItem,Tickle Vulva
Label-ChatSelf-ItemVulvaPiercings-Caress,Caress Clitoris
Label-ChatSelf-ItemVulvaPiercings-Inject,Inject Clitoris
Label-ChatSelf-ItemVulvaPiercings-MasturbateHand,Masturbate Clitoris
Label-ChatSelf-ItemVulvaPiercings-MasturbateItem,Masturbate Clitoris
Label-ChatSelf-ItemVulvaPiercings-RubItem,Rub on Clitoris
Label-ChatSelf-ItemVulvaPiercings-ShockItem,Shock Clitoris
Label-ChatSelf-ItemVulvaPiercings-Slap,Slap Clitoris
Label-ChatSelf-ItemVulvaPiercings-SpankItem,Spank Clitoris
Label-ChatSelf-ItemVulvaPiercings-TickleItem,Tickle Clitoris
ChatOther-ItemArms-Bite,SourceCharacter bites TargetCharacter's arm.
ChatOther-ItemArms-Caress,SourceCharacter caresses TargetCharacter's arms.
ChatOther-ItemArms-Cuddle,SourceCharacter cuddles with TargetCharacter.
ChatOther-ItemArms-GaggedKiss,SourceCharacter rubs her gag on TargetCharacter's arm.
ChatOther-ItemArms-Grope,SourceCharacter grabs TargetCharacter's arm firmly.
ChatOther-ItemArms-Inject,SourceCharacter injects TargetCharacter's arm.
ChatOther-ItemArms-Kiss,SourceCharacter kisses TargetCharacter's arm.
ChatOther-ItemArms-Lick,SourceCharacter licks TargetCharacter's arm.
ChatOther-ItemArms-MassageHands,SourceCharacter massages TargetCharacter's arms.
ChatOther-ItemArms-Nibble,SourceCharacter nibbles TargetCharacter's arm.
ChatOther-ItemArms-Pinch,SourceCharacter pinches TargetCharacter's upper arm.
ChatOther-ItemArms-PourItem,SourceCharacter pours UsedAsset onto TargetCharacter's arm.
ChatOther-ItemArms-RollItem,SourceCharacter rolls a UsedAsset over TargetCharacter's arm.
ChatOther-ItemArms-RubItem,SourceCharacter rubs TargetCharacter's arm with a UsedAsset.
ChatOther-ItemArms-ShockItem,SourceCharacter shocks TargetCharacter's arm with a UsedAsset.
ChatOther-ItemArms-Spank,SourceCharacter spanks TargetCharacter's arm.
ChatOther-ItemArms-SpankItem,SourceCharacter hits TargetCharacter's arm with her UsedAsset.
ChatOther-ItemArms-Tickle,SourceCharacter tickles TargetCharacter's arms.
ChatOther-ItemArms-TickleItem,SourceCharacter tickles TargetCharacter's arm with a UsedAsset.
ChatOther-ItemBoots-Bite,SourceCharacter bites TargetCharacter's foot.
ChatOther-ItemBoots-GaggedKiss,SourceCharacter touches TargetCharacter's feet with her gag.
ChatOther-ItemBoots-Kiss,SourceCharacter kisses TargetCharacter's foot.
ChatOther-ItemBoots-Lick,SourceCharacter licks TargetCharacter's foot.
ChatOther-ItemBoots-MassageFeet,SourceCharacter plays with TargetCharacter's feet using her own feet.
ChatOther-ItemBoots-MassageHands,SourceCharacter massages TargetCharacter's foot.
ChatOther-ItemBoots-Nibble,SourceCharacter nibbles TargetCharacter's foot.
ChatOther-ItemBoots-PoliteKiss,SourceCharacter gives a small and polite kiss on TargetCharacter's foot.
ChatOther-ItemBoots-PourItem,SourceCharacter pours UsedAsset onto TargetCharacter's feet.
ChatOther-ItemBoots-RollItem,SourceCharacter rolls a UsedAsset over TargetCharacter's feet.
ChatOther-ItemBoots-RubItem,SourceCharacter rubs TargetCharacter's feet with a UsedAsset.
ChatOther-ItemBoots-ShockItem,SourceCharacter shocks TargetCharacter's feet with a UsedAsset.
ChatOther-ItemBoots-Spank,SourceCharacter spanks TargetCharacter's foot sole.
ChatOther-ItemBoots-SpankItem,SourceCharacter hits TargetCharacter's feet with her UsedAsset.
ChatOther-ItemBoots-Suck,SourceCharacter sucks on TargetCharacter's big toe.
ChatOther-ItemBoots-TakeCare,SourceCharacter cleans and polishes TargetCharacter's toenails.
ChatOther-ItemBoots-Tickle,SourceCharacter tickles TargetCharacter's foot sole.
ChatOther-ItemBoots-TickleItem,SourceCharacter tickles TargetCharacter's feet with a UsedAsset.
ChatOther-ItemBreast-Bite,SourceCharacter bites TargetCharacter's breast.
ChatOther-ItemBreast-Caress,SourceCharacter caresses TargetCharacter's breast.
ChatOther-ItemBreast-GaggedKiss,SourceCharacter presses her gag to TargetCharacter's breast.
ChatOther-ItemBreast-Grope,SourceCharacter gropes TargetCharacter's breast.
ChatOther-ItemBreast-Inject,SourceCharacter injects TargetCharacter's breast.
ChatOther-ItemBreast-Kiss,SourceCharacter kisses TargetCharacter's breast.
ChatOther-ItemBreast-Lick,SourceCharacter licks TargetCharacter's breast.
ChatOther-ItemBreast-MasturbateHand,SourceCharacter masturbates TargetCharacter's breast.
ChatOther-ItemBreast-MasturbateItem,SourceCharacter masturbates TargetCharacter's breast with a UsedAsset.
ChatOther-ItemBreast-PourItem,SourceCharacter pours UsedAsset onto TargetCharacter's breast.
ChatOther-ItemBreast-RestHead,SourceCharacter rests her head on TargetCharacter's breasts.
ChatOther-ItemBreast-RollItem,SourceCharacter rolls a UsedAsset over TargetCharacter's breast.
ChatOther-ItemBreast-RubItem,SourceCharacter rubs TargetCharacter's breast with a UsedAsset.
ChatOther-ItemBreast-ShockItem,SourceCharacter shocks TargetCharacter's breast with a UsedAsset.
ChatOther-ItemBreast-Slap,SourceCharacter slaps TargetCharacter's breast.
ChatOther-ItemBreast-SpankItem,SourceCharacter hits TargetCharacter's breast with her UsedAsset.
ChatOther-ItemBreast-Step,SourceCharacter steps on TargetCharacter's breast.
ChatOther-ItemBreast-Tickle,SourceCharacter tickles TargetCharacter's breast.
ChatOther-ItemBreast-TickleItem,SourceCharacter tickles TargetCharacter's breast with a UsedAsset.
ChatOther-ItemButt-Bite,SourceCharacter bites TargetCharacter's butt.
ChatOther-ItemButt-Caress,SourceCharacter caresses TargetCharacter's butt.
ChatOther-ItemButt-GaggedKiss,SourceCharacter rubs her gag on TargetCharacter's butt.
ChatOther-ItemButt-Grope,SourceCharacter gropes TargetCharacter's butt.
ChatOther-ItemButt-Inject,SourceCharacter injects TargetCharacter's butt.
ChatOther-ItemButt-Kiss,SourceCharacter kisses TargetCharacter's butt.
ChatOther-ItemButt-MasturbateFist,SourceCharacter uses her fist to masturbate TargetCharacter's ass.
ChatOther-ItemButt-MasturbateHand,SourceCharacter uses her fingers to masturbate TargetCharacter's ass.
ChatOther-ItemButt-MasturbateItem,SourceCharacter masturbates TargetCharacter's butt with a UsedAsset.
ChatOther-ItemButt-MasturbateTongue,SourceCharacter uses her tongue to masturbate TargetCharacter's ass.
ChatOther-ItemButt-PenetrateFast,SourceCharacter roughly penetrates TargetCharacter's butt with her UsedAsset.
ChatOther-ItemButt-PenetrateSlow,SourceCharacter slowly penetrates TargetCharacter's butt with her UsedAsset.
ChatOther-ItemButt-PourItem,SourceCharacter pours UsedAsset onto TargetCharacter's butt.
ChatOther-ItemButt-RollItem,SourceCharacter rolls a UsedAsset over TargetCharacter's butt.
ChatOther-ItemButt-RubItem,SourceCharacter rubs TargetCharacter's butt with a UsedAsset.
ChatOther-ItemButt-ShockItem,SourceCharacter shocks TargetCharacter's butt with a UsedAsset.
ChatOther-ItemButt-Spank,SourceCharacter spanks TargetCharacter's butt.
ChatOther-ItemButt-SpankItem,SourceCharacter hits TargetCharacter's butt with her UsedAsset.
ChatOther-ItemButt-Step,SourceCharacter presses her foot into TargetCharacter's ass.
ChatOther-ItemButt-TickleItem,SourceCharacter tickles TargetCharacter's butt with a UsedAsset.
ChatOther-ItemEars-Bite,SourceCharacter bites TargetCharacter's ear.
ChatOther-ItemEars-Caress,SourceCharacter caresses TargetCharacter's ear.
ChatOther-ItemEars-GaggedKiss,SourceCharacter gives a gagged kiss on TargetCharacter's ear.
ChatOther-ItemEars-Kiss,SourceCharacter kisses TargetCharacter's ear.
ChatOther-ItemEars-Lick,SourceCharacter licks TargetCharacter's ear.
ChatOther-ItemEars-Nibble,SourceCharacter nibbles TargetCharacter's ear.
ChatOther-ItemEars-Pinch,SourceCharacter pinches TargetCharacter's ear.
ChatOther-ItemEars-RollItem,SourceCharacter rolls a UsedAsset over TargetCharacter's ear.
ChatOther-ItemEars-RubItem,SourceCharacter rubs TargetCharacter's ear with a UsedAsset.
ChatOther-ItemEars-TickleItem,SourceCharacter tickles TargetCharacter's ear with a UsedAsset.
ChatOther-ItemEars-Whisper,SourceCharacter whispers slowly in TargetCharacter's ear.
ChatOther-ItemFeet-Bite,SourceCharacter bites TargetCharacter's leg.
ChatOther-ItemFeet-Caress,SourceCharacter caresses TargetCharacter's leg.
ChatOther-ItemFeet-GaggedKiss,SourceCharacter touches her gag to TargetCharacter's leg.
ChatOther-ItemFeet-Grope,SourceCharacter gropes TargetCharacter's leg.
ChatOther-ItemFeet-Inject,SourceCharacter injects TargetCharacter's leg.
ChatOther-ItemFeet-Kiss,SourceCharacter kisses TargetCharacter's leg.
ChatOther-ItemFeet-Lick,SourceCharacter licks TargetCharacter's leg.
ChatOther-ItemFeet-MassageHands,SourceCharacter massages TargetCharacter's leg.
ChatOther-ItemFeet-MasturbateItem,SourceCharacter masturbates TargetCharacter's leg with a UsedAsset.
ChatOther-ItemFeet-Nibble,SourceCharacter nibbles TargetCharacter's leg.
ChatOther-ItemFeet-PourItem,SourceCharacter pours UsedAsset onto TargetCharacter's leg.
ChatOther-ItemFeet-RollItem,SourceCharacter rolls a UsedAsset over TargetCharacter's leg.
ChatOther-ItemFeet-RubItem,SourceCharacter rubs TargetCharacter's leg with a UsedAsset.
ChatOther-ItemFeet-ShockItem,SourceCharacter shocks TargetCharacter's leg with a UsedAsset.
ChatOther-ItemFeet-Spank,SourceCharacter spanks TargetCharacter's leg.
ChatOther-ItemFeet-SpankItem,SourceCharacter hits TargetCharacter's feet with her UsedAsset.
ChatOther-ItemFeet-Tickle,SourceCharacter tickles TargetCharacter's leg.
ChatOther-ItemFeet-TickleItem,SourceCharacter tickles TargetCharacter's leg with a UsedAsset.
ChatOther-ItemHands-Bite,SourceCharacter bites TargetCharacter's hand.
ChatOther-ItemHands-Caress,SourceCharacter caresses TargetCharacter's hand.
ChatOther-ItemHands-GaggedKiss,SourceCharacter touches her gag to TargetCharacter's hand.
ChatOther-ItemHands-Kiss,SourceCharacter kisses TargetCharacter's hand.
ChatOther-ItemHands-Lick,SourceCharacter licks TargetCharacter's hand.
ChatOther-ItemHands-Nibble,SourceCharacter nibbles TargetCharacter's hand.
ChatOther-ItemHands-PoliteKiss,SourceCharacter politely kisses TargetCharacter's hand.
ChatOther-ItemHands-Spank,SourceCharacter spanks TargetCharacter's hand.
ChatOther-ItemHands-Suck,SourceCharacter sucks on TargetCharacter's fingers.
ChatOther-ItemHands-TakeCare,SourceCharacter cleans and polishes TargetCharacter's nails.
ChatOther-ItemHead-Bite,SourceCharacter bites TargetCharacter's hair.
ChatOther-ItemHead-Caress,SourceCharacter caresses TargetCharacter's face.
ChatOther-ItemHead-GaggedKiss,SourceCharacter gives a gagged kiss on TargetCharacter's forehead.
ChatOther-ItemHead-Kiss,SourceCharacter kisses TargetCharacter on the forehead.
ChatOther-ItemHead-Pet,SourceCharacter gently pets TargetCharacter's head.
ChatOther-ItemHead-Pull,SourceCharacter pulls on TargetCharacter's hair.
ChatOther-ItemHead-Rub,SourceCharacter rubs her breast against TargetCharacter's face.
ChatOther-ItemHead-Slap,SourceCharacter slaps TargetCharacter's face.
ChatOther-ItemHead-Step,SourceCharacter rubs her foot on TargetCharacter's face.
ChatOther-ItemHead-TakeCare,SourceCharacter brushes TargetCharacter's hair.
ChatOther-ItemHood-RubItem,SourceCharacter rubs TargetCharacter's head with a UsedAsset.
ChatOther-ItemHood-TickleItem,SourceCharacter tickles TargetCharacter's head with a UsedAsset.
ChatOther-ItemLegs-Bite,SourceCharacter bites TargetCharacter's thigh.
ChatOther-ItemLegs-Caress,SourceCharacter caresses TargetCharacter's thigh.
ChatOther-ItemLegs-GaggedKiss,SourceCharacter rubs her gag on TargetCharacter's thigh.
ChatOther-ItemLegs-Grope,SourceCharacter gropes TargetCharacter's thigh.
ChatOther-ItemLegs-Inject,SourceCharacter injects TargetCharacter's thigh.
ChatOther-ItemLegs-Kiss,SourceCharacter kisses TargetCharacter's thigh.
ChatOther-ItemLegs-Lick,SourceCharacter licks TargetCharacter's thigh.
ChatOther-ItemLegs-MassageHands,SourceCharacter massages TargetCharacter's thigh.
ChatOther-ItemLegs-MasturbateItem,SourceCharacter masturbates TargetCharacter's thigh with a UsedAsset.
ChatOther-ItemLegs-Nibble,SourceCharacter nibbles TargetCharacter's thigh.
ChatOther-ItemLegs-PourItem,SourceCharacter pours UsedAsset onto TargetCharacter's thigh.
ChatOther-ItemLegs-RestHead,SourceCharacter rests her head in TargetCharacter's lap.
ChatOther-ItemLegs-RollItem,SourceCharacter rolls a UsedAsset over TargetCharacter's thigh.
ChatOther-ItemLegs-RubItem,SourceCharacter rubs TargetCharacter's thigh with a UsedAsset.
ChatOther-ItemLegs-ShockItem,SourceCharacter shocks TargetCharacter's thigh with a UsedAsset.
ChatOther-ItemLegs-Sit,SourceCharacter sits in TargetCharacter's lap.
ChatOther-ItemLegs-Spank,SourceCharacter spanks TargetCharacter's thigh.
ChatOther-ItemLegs-SpankItem,SourceCharacter hits TargetCharacter's thigh with her UsedAsset.
ChatOther-ItemLegs-Tickle,SourceCharacter tickles TargetCharacter's thigh.
ChatOther-ItemLegs-TickleItem,SourceCharacter tickles TargetCharacter's thigh with a UsedAsset.
ChatOther-ItemMouth-Bite,SourceCharacter bites TargetCharacter's lips.
ChatOther-ItemMouth-Caress,SourceCharacter caresses and cleans TargetCharacter's mouth.
ChatOther-ItemMouth-FrenchKiss,SourceCharacter shares a long French kiss with TargetCharacter.
ChatOther-ItemMouth-GaggedKiss,SourceCharacter gives a gagged kiss on TargetCharacter's cheek.
ChatOther-ItemMouth-GagKiss,SourceCharacter gives TargetCharacter a kiss on her gag.
ChatOther-ItemMouth-HandGag,SourceCharacter clamps her hand over TargetCharacter's mouth.
ChatOther-ItemMouth-Kiss,SourceCharacter kisses TargetCharacter's lips.
ChatOther-ItemMouth-Lick,SourceCharacter licks TargetCharacter's lips.
ChatOther-ItemMouth-Nibble,SourceCharacter nibbles TargetCharacter's lips.
ChatOther-ItemMouth-PenetrateFast,SourceCharacter roughly penetrates TargetCharacter's mouth with her UsedAsset.
ChatOther-ItemMouth-PenetrateSlow,SourceCharacter slowly penetrates TargetCharacter's mouth with her UsedAsset.
ChatOther-ItemMouth-PoliteKiss,SourceCharacter gives a friendly kiss on TargetCharacter's cheek.
ChatOther-ItemMouth-RollItem,SourceCharacter rolls a UsedAsset over TargetCharacter's mouth.
ChatOther-ItemMouth-RubItem,SourceCharacter rubs TargetCharacter's mouth with a UsedAsset.
ChatOther-ItemMouth-TickleItem,SourceCharacter tickles TargetCharacter's mouth with a UsedAsset.
ChatOther-ItemNeck-Bite,SourceCharacter bites TargetCharacter's neck.
ChatOther-ItemNeck-Caress,SourceCharacter caresses TargetCharacter's neck.
ChatOther-ItemNeck-Choke,SourceCharacter chokes TargetCharacter's neck.
ChatOther-ItemNeck-GaggedKiss,SourceCharacter touches her gag to TargetCharacter's neck.
ChatOther-ItemNeck-Inject,SourceCharacter injects TargetCharacter's neck.
ChatOther-ItemNeck-Kiss,SourceCharacter kisses TargetCharacter's neck.
ChatOther-ItemNeck-Lick,SourceCharacter licks TargetCharacter's neck.
ChatOther-ItemNeck-MassageHands,SourceCharacter massages TargetCharacter's neck.
ChatOther-ItemNeck-Nibble,SourceCharacter nibbles TargetCharacter's neck.
ChatOther-ItemNeck-RollItem,SourceCharacter rolls a UsedAsset over TargetCharacter's neck.
ChatOther-ItemNeck-RubItem,SourceCharacter rubs TargetCharacter's neck with a UsedAsset.
ChatOther-ItemNeck-ShockItem,SourceCharacter shocks TargetCharacter's neck with a UsedAsset.
ChatOther-ItemNeck-Step,SourceCharacter gently places her foot over TargetCharacter's neck.
ChatOther-ItemNeck-Tickle,SourceCharacter tickles TargetCharacter's neck.
ChatOther-ItemNeck-TickleItem,SourceCharacter tickles TargetCharacter's neck with a UsedAsset.
ChatOther-ItemNipples-Bite,SourceCharacter bites TargetCharacter's nipple.
ChatOther-ItemNipples-Caress,SourceCharacter caresses TargetCharacter's nipples.
ChatOther-ItemNipples-GaggedKiss,SourceCharacter presses her gag to TargetCharacter's nipple.
ChatOther-ItemNipples-Kiss,SourceCharacter kisses TargetCharacter's nipple.
ChatOther-ItemNipples-Lick,SourceCharacter licks TargetCharacter's nipple.
ChatOther-ItemNipples-MasturbateItem,SourceCharacter masturbates TargetCharacter's nipple with a UsedAsset.
ChatOther-ItemNipples-Nibble,SourceCharacter nibbles on TargetCharacter's nipple.
ChatOther-ItemNipples-Pinch,SourceCharacter pinches TargetCharacter's nipple.
ChatOther-ItemNipples-PourItem,SourceCharacter pours UsedAsset onto TargetCharacter's nipple.
ChatOther-ItemNipples-Pull,SourceCharacter pulls TargetCharacter's nipples.
ChatOther-ItemNipples-RollItem,SourceCharacter rolls a UsedAsset over TargetCharacter's nipple.
ChatOther-ItemNipples-RubItem,SourceCharacter rubs TargetCharacter's nipple with a UsedAsset.
ChatOther-ItemNipples-ShockItem,SourceCharacter shocks TargetCharacter's nipple with a UsedAsset.
ChatOther-ItemNipples-SpankItem,SourceCharacter hits TargetCharacter's nipple with her UsedAsset.
ChatOther-ItemNipples-Suck,SourceCharacter sucks on TargetCharacter's nipple.
ChatOther-ItemNipples-TickleItem,SourceCharacter tickles TargetCharacter's nipple with a UsedAsset.
ChatOther-ItemNose-Bite,SourceCharacter bites TargetCharacter's nose.
ChatOther-ItemNose-Caress,SourceCharacter caresses TargetCharacter's nose.
ChatOther-ItemNose-Choke,SourceCharacter pinches TargetCharacter's nostrils closed.
ChatOther-ItemNose-Cuddle,SourceCharacter nose-nuzzles with TargetCharacter.
ChatOther-ItemNose-GaggedKiss,SourceCharacter bumps her gag on TargetCharacter's nose.
ChatOther-ItemNose-Kiss,SourceCharacter kisses TargetCharacter's nose.
ChatOther-ItemNose-Lick,SourceCharacter licks TargetCharacter's nose.
ChatOther-ItemNose-Nibble,SourceCharacter nibbles TargetCharacter's nose.
ChatOther-ItemNose-Pet,SourceCharacter boops TargetCharacter's nose.
ChatOther-ItemNose-Pinch,SourceCharacter pinches TargetCharacter's nose.
ChatOther-ItemNose-Pull,SourceCharacter pulls TargetCharacter's nose.
ChatOther-ItemNose-Rub,SourceCharacter rubs TargetCharacter's nose.
ChatOther-ItemNose-RubItem,SourceCharacter rubs TargetCharacter's nose with a UsedAsset.
ChatOther-ItemNose-Step,SourceCharacter makes TargetCharacter smell her feet.
ChatOther-ItemNose-TickleItem,SourceCharacter tickles TargetCharacter's nose with a UsedAsset.
ChatOther-ItemPelvis-Caress,SourceCharacter caresses TargetCharacter's tummy.
ChatOther-ItemPelvis-GaggedKiss,SourceCharacter gives a gagged kiss on TargetCharacter's tummy.
ChatOther-ItemPelvis-Grope,SourceCharacter gropes TargetCharacter's tummy.
ChatOther-ItemPelvis-Kiss,SourceCharacter kisses TargetCharacter's tummy.
ChatOther-ItemPelvis-Lick,SourceCharacter licks TargetCharacter's tummy.
ChatOther-ItemPelvis-MassageHands,SourceCharacter massages TargetCharacter's tummy.
ChatOther-ItemPelvis-MasturbateItem,SourceCharacter masturbates TargetCharacter's tummy with a UsedAsset.
ChatOther-ItemPelvis-Nibble,SourceCharacter nibbles TargetCharacter's tummy.
ChatOther-ItemPelvis-Pinch,SourceCharacter pinches TargetCharacter's tummy.
ChatOther-ItemPelvis-PourItem,SourceCharacter pours UsedAsset onto TargetCharacter's tummy.
ChatOther-ItemPelvis-RollItem,SourceCharacter rolls a UsedAsset over TargetCharacter's tummy.
ChatOther-ItemPelvis-RubItem,SourceCharacter rubs TargetCharacter's tummy with a UsedAsset.
ChatOther-ItemPelvis-ShockItem,SourceCharacter shocks TargetCharacter's tummy with a UsedAsset.
ChatOther-ItemPelvis-Spank,SourceCharacter spanks TargetCharacter's tummy.
ChatOther-ItemPelvis-SpankItem,SourceCharacter hits TargetCharacter's tummy with her UsedAsset.
ChatOther-ItemPelvis-Step,SourceCharacter presses her foot into TargetCharacter's chest.
ChatOther-ItemPelvis-Tickle,SourceCharacter tickles TargetCharacter's tummy.
ChatOther-ItemPelvis-TickleItem,SourceCharacter tickles TargetCharacter's tummy with a UsedAsset.
ChatOther-ItemTorso-Bite,SourceCharacter bites TargetCharacter's back.
ChatOther-ItemTorso-Caress,SourceCharacter caresses TargetCharacter's back.
ChatOther-ItemTorso-GaggedKiss,SourceCharacter gives a gagged kiss on TargetCharacter's back.
ChatOther-ItemTorso-Kiss,SourceCharacter kisses TargetCharacter's back.
ChatOther-ItemTorso-Lick,SourceCharacter licks TargetCharacter's back.
ChatOther-ItemTorso-MassageFeet,SourceCharacter massages TargetCharacter's back with her feet.
ChatOther-ItemTorso-MassageHands,SourceCharacter massages TargetCharacter's back with her hands.
ChatOther-ItemTorso-Nibble,SourceCharacter nibbles TargetCharacter's ribs.
ChatOther-ItemTorso-PourItem,SourceCharacter pours UsedAsset onto TargetCharacter's back.
ChatOther-ItemTorso-RollItem,SourceCharacter rolls a UsedAsset over TargetCharacter's back.
ChatOther-ItemTorso-Rub,SourceCharacter rubs her body against TargetCharacter's body.
ChatOther-ItemTorso-RubItem,SourceCharacter rubs TargetCharacter's back with a UsedAsset.
ChatOther-ItemTorso-ShockItem,SourceCharacter shocks TargetCharacter's back with a UsedAsset.
ChatOther-ItemTorso-Spank,SourceCharacter spanks TargetCharacter's back.
ChatOther-ItemTorso-SpankItem,SourceCharacter hits TargetCharacter's back with her UsedAsset.
ChatOther-ItemTorso-Step,SourceCharacter rests her feet on TargetCharacter's back.
ChatOther-ItemTorso-Tickle,SourceCharacter tickles TargetCharacter's ribs.
ChatOther-ItemTorso-TickleItem,SourceCharacter tickles TargetCharacter's back with a UsedAsset.
ChatOther-ItemVulva-Caress,SourceCharacter caresses TargetCharacter's pussy with her fingers.
ChatOther-ItemVulva-GaggedKiss,SourceCharacter pushes her gag into TargetCharacter's vagina.
ChatOther-ItemVulva-Kiss,SourceCharacter kisses TargetCharacter's pussy lips.
ChatOther-ItemVulva-Lick,SourceCharacter licks TargetCharacter's pussy lips.
ChatOther-ItemVulva-MasturbateFist,SourceCharacter masturbates TargetCharacter's vagina with her full fist.
ChatOther-ItemVulva-MasturbateFoot,SourceCharacter masturbates TargetCharacter's pussy with her foot.
ChatOther-ItemVulva-MasturbateHand,SourceCharacter masturbates TargetCharacter's pussy with her fingers.
ChatOther-ItemVulva-MasturbateItem,SourceCharacter uses her UsedAsset to masturbate TargetCharacter's pussy lips.
ChatOther-ItemVulva-MasturbateTongue,SourceCharacter masturbates TargetCharacter's pussy with her tongue.
ChatOther-ItemVulva-Nibble,SourceCharacter nibbles TargetCharacter's pussy lips.
ChatOther-ItemVulva-PenetrateFast,SourceCharacter roughly penetrates TargetCharacter's vagina with her UsedAsset.
ChatOther-ItemVulva-PenetrateSlow,SourceCharacter slowly penetrates TargetCharacter's vagina with her UsedAsset.
ChatOther-ItemVulva-RubItem,SourceCharacter rubs TargetCharacter's vulva with a UsedAsset.
ChatOther-ItemVulva-ShockItem,SourceCharacter shocks TargetCharacter's vulva with a UsedAsset.
ChatOther-ItemVulva-Slap,SourceCharacter slaps TargetCharacter's pussy lips.
ChatOther-ItemVulva-SpankItem,SourceCharacter hits TargetCharacter's pussy with her UsedAsset.
ChatOther-ItemVulva-TickleItem,SourceCharacter tickles TargetCharacter's vulva with a UsedAsset.
ChatOther-ItemVulvaPiercings-Caress,SourceCharacter caresses TargetCharacter's clitoris with her fingers.
ChatOther-ItemVulvaPiercings-GaggedKiss,SourceCharacter gags kiss TargetCharacter's clitoris.
ChatOther-ItemVulvaPiercings-Inject,SourceCharacter injects TargetCharacter's clitoris.
ChatOther-ItemVulvaPiercings-Kiss,SourceCharacter kisses TargetCharacter's clitoris.
ChatOther-ItemVulvaPiercings-Lick,SourceCharacter licks TargetCharacter's clitoris.
ChatOther-ItemVulvaPiercings-MasturbateFoot,SourceCharacter masturbates TargetCharacter's clitoris with her foot.
ChatOther-ItemVulvaPiercings-MasturbateHand,SourceCharacter masturbates TargetCharacter's clitoris with her fingers.
ChatOther-ItemVulvaPiercings-MasturbateItem,SourceCharacter uses her UsedAsset to masturbate TargetCharacter's clitoris.
ChatOther-ItemVulvaPiercings-MasturbateTongue,SourceCharacter masturbates TargetCharacter's clitoris with her tongue.
ChatOther-ItemVulvaPiercings-Nibble,SourceCharacter nibbles TargetCharacter's clitoris.
ChatOther-ItemVulvaPiercings-RubItem,SourceCharacter rubs TargetCharacter's clitoris with a UsedAsset.
ChatOther-ItemVulvaPiercings-ShockItem,SourceCharacter shocks TargetCharacter's clitoris with a UsedAsset.
ChatOther-ItemVulvaPiercings-Slap,SourceCharacter slaps TargetCharacter's clitoris.
ChatOther-ItemVulvaPiercings-SpankItem,SourceCharacter hits TargetCharacter's clitoris with her UsedAsset.
ChatOther-ItemVulvaPiercings-TickleItem,SourceCharacter tickles TargetCharacter's clitoris with a UsedAsset.
ChatSelf-ItemArms-Bite,SourceCharacter bites her arm.
ChatSelf-ItemArms-Caress,SourceCharacter caresses her arms.
ChatSelf-ItemArms-Inject,SourceCharacter injects her arm.
ChatSelf-ItemArms-Kiss,SourceCharacter kisses her own arm.
ChatSelf-ItemArms-Lick,SourceCharacter licks her own arm.
ChatSelf-ItemArms-MassageHands,SourceCharacter massages her arms.
ChatSelf-ItemArms-Nibble,SourceCharacter nibbles her own arm.
ChatSelf-ItemArms-Pinch,SourceCharacter pinches her upper arm.
ChatSelf-ItemArms-PourItem,SourceCharacter pours UsedAsset onto her own arm.
ChatSelf-ItemArms-RollItem,SourceCharacter rolls a UsedAsset over her own arm.
ChatSelf-ItemArms-RubItem,SourceCharacter rubs her own arm with a UsedAsset.
ChatSelf-ItemArms-ShockItem,SourceCharacter shocks her own arm with a UsedAsset.
ChatSelf-ItemArms-Spank,SourceCharacter spanks her own arm.
ChatSelf-ItemArms-SpankItem,SourceCharacter hits her arm with her UsedAsset.
ChatSelf-ItemArms-StruggleArms,SourceCharacter struggles against her bindings.
ChatSelf-ItemArms-Tickle,SourceCharacter tickles her arms.
ChatSelf-ItemArms-TickleItem,SourceCharacter tickles her own arm with a UsedAsset.
ChatSelf-ItemArms-Wiggle,SourceCharacter wiggles her shoulders.
ChatSelf-ItemBoots-Bite,SourceCharacter bites her foot.
ChatSelf-ItemBoots-Kiss,SourceCharacter kisses her foot.
ChatSelf-ItemBoots-Lick,SourceCharacter licks her own feet.
ChatSelf-ItemBoots-MassageHands,SourceCharacter massages her feet.
ChatSelf-ItemBoots-Nibble,SourceCharacter nibbles her own foot.
ChatSelf-ItemBoots-PoliteKiss,SourceCharacter gives a small kiss on her foot.
ChatSelf-ItemBoots-PourItem,SourceCharacter pours UsedAsset onto her own feet.
ChatSelf-ItemBoots-RollItem,SourceCharacter rolls a UsedAsset over her own feet.
ChatSelf-ItemBoots-RubItem,SourceCharacter rubs her own feet with a UsedAsset.
ChatSelf-ItemBoots-ShockItem,SourceCharacter shocks her own feet with a UsedAsset.
ChatSelf-ItemBoots-Spank,SourceCharacter spanks her own feet.
ChatSelf-ItemBoots-SpankItem,SourceCharacter hits her feet with her UsedAsset.
ChatSelf-ItemBoots-Suck,SourceCharacter sucks on her big toe.
ChatSelf-ItemBoots-TakeCare,SourceCharacter cleans and polishes her toenails.
ChatSelf-ItemBoots-Tickle,SourceCharacter tickles her own feet.
ChatSelf-ItemBoots-TickleItem,SourceCharacter tickles her own feet with a UsedAsset.
ChatSelf-ItemBoots-Wiggle,SourceCharacter wiggles her feet.
ChatSelf-ItemBreast-Caress,SourceCharacter caresses her own breast.
ChatSelf-ItemBreast-Grope,SourceCharacter gropes her own breast.
ChatSelf-ItemBreast-Inject,SourceCharacter injects her breast.
ChatSelf-ItemBreast-Kiss,SourceCharacter kisses her own breast.
ChatSelf-ItemBreast-Lick,SourceCharacter licks her own breast.
ChatSelf-ItemBreast-MasturbateHand,SourceCharacter masturbates her own breast.
ChatSelf-ItemBreast-MasturbateItem,SourceCharacter masturbates her own breast with a UsedAsset.
ChatSelf-ItemBreast-PourItem,SourceCharacter pours UsedAsset onto her own breast.
ChatSelf-ItemBreast-RollItem,SourceCharacter rolls a UsedAsset over her own breast.
ChatSelf-ItemBreast-RubItem,SourceCharacter rubs her own breast with a UsedAsset.
ChatSelf-ItemBreast-ShockItem,SourceCharacter shocks her own breast with a UsedAsset.
ChatSelf-ItemBreast-Slap,SourceCharacter slaps her own breast.
ChatSelf-ItemBreast-SpankItem,SourceCharacter hits her breast with her UsedAsset.
ChatSelf-ItemBreast-Tickle,SourceCharacter tickles her own breast.
ChatSelf-ItemBreast-TickleItem,SourceCharacter tickles her own breast with a UsedAsset.
ChatSelf-ItemBreast-Wiggle,SourceCharacter shakes her breasts around.
ChatSelf-ItemButt-Caress,SourceCharacter caresses her butt.
ChatSelf-ItemButt-Grope,SourceCharacter gropes her butt.
ChatSelf-ItemButt-Inject,SourceCharacter injects her butt.
ChatSelf-ItemButt-MasturbateFist,SourceCharacter fists and masturbates her ass.
ChatSelf-ItemButt-MasturbateHand,SourceCharacter fingers and masturbates her ass.
ChatSelf-ItemButt-MasturbateItem,SourceCharacter masturbates her own butt with a UsedAsset.
ChatSelf-ItemButt-PourItem,SourceCharacter pours UsedAsset onto her own butt.
ChatSelf-ItemButt-RollItem,SourceCharacter rolls a UsedAsset over her own butt.
ChatSelf-ItemButt-RubItem,SourceCharacter rubs her own butt with a UsedAsset.
ChatSelf-ItemButt-ShockItem,SourceCharacter shocks her own butt with a UsedAsset.
ChatSelf-ItemButt-Spank,SourceCharacter spanks herself on the butt.
ChatSelf-ItemButt-SpankItem,SourceCharacter hits her butt with her UsedAsset.
ChatSelf-ItemButt-TickleItem,SourceCharacter tickles her own butt with a UsedAsset.
ChatSelf-ItemButt-Wiggle,SourceCharacter wiggles her butt.
ChatSelf-ItemEars-Caress,SourceCharacter caresses her ear.
ChatSelf-ItemEars-Pinch,SourceCharacter pinches her ear.
ChatSelf-ItemEars-RollItem,SourceCharacter rolls a UsedAsset over her own ear.
ChatSelf-ItemEars-RubItem,SourceCharacter rubs her own ear with a UsedAsset.
ChatSelf-ItemEars-TickleItem,SourceCharacter tickles her own ear with a UsedAsset.
ChatSelf-ItemEars-Wiggle,SourceCharacter wiggles her ears.
ChatSelf-ItemFeet-Bite,SourceCharacter bites her leg.
ChatSelf-ItemFeet-Caress,SourceCharacter caresses her legs.
ChatSelf-ItemFeet-Inject,SourceCharacter injects her leg.
ChatSelf-ItemFeet-MassageHands,SourceCharacter massages her legs.
ChatSelf-ItemFeet-MasturbateItem,SourceCharacter masturbates her own leg with a UsedAsset.
ChatSelf-ItemFeet-PourItem,SourceCharacter pours UsedAsset onto her own leg.
ChatSelf-ItemFeet-RollItem,SourceCharacter rolls a UsedAsset over her own leg.
ChatSelf-ItemFeet-RubItem,SourceCharacter rubs her own leg with a UsedAsset.
ChatSelf-ItemFeet-ShockItem,SourceCharacter shocks her own leg with a UsedAsset.
ChatSelf-ItemFeet-Spank,SourceCharacter spanks her own leg.
ChatSelf-ItemFeet-SpankItem,SourceCharacter hits her leg with her UsedAsset.
ChatSelf-ItemFeet-Tickle,SourceCharacter tickles her legs.
ChatSelf-ItemFeet-TickleItem,SourceCharacter tickles her own leg with a UsedAsset.
ChatSelf-ItemFeet-Wiggle,SourceCharacter wiggles her legs.
ChatSelf-ItemHands-Bite,SourceCharacter bites her hand.
ChatSelf-ItemHands-Caress,SourceCharacter rubs her hands together.
ChatSelf-ItemHands-Kiss,SourceCharacter kisses her own hand.
ChatSelf-ItemHands-Lick,SourceCharacter licks the back of her hand.
ChatSelf-ItemHands-Nibble,SourceCharacter nibbles her own hand.
ChatSelf-ItemHands-PoliteKiss,SourceCharacter gives a small kiss on her hand.
ChatSelf-ItemHands-Spank,SourceCharacter spanks her first hand with the second one.
ChatSelf-ItemHands-Suck,SourceCharacter sucks on her fingers.
ChatSelf-ItemHands-TakeCare,SourceCharacter cleans and polishes her nails.
ChatSelf-ItemHands-Wiggle,SourceCharacter wiggles her fingers
ChatSelf-ItemHead-Caress,SourceCharacter caresses her face.
ChatSelf-ItemHead-Nod,SourceCharacter nods.
ChatSelf-ItemHead-Pet,SourceCharacter pets herself on the head.
ChatSelf-ItemHead-Pull,SourceCharacter pulls on her own hair.
ChatSelf-ItemHead-Slap,SourceCharacter slaps herself on the face.
ChatSelf-ItemHead-TakeCare,SourceCharacter brushes her hair.
ChatSelf-ItemHead-Wiggle,SourceCharacter shakes her head.
ChatSelf-ItemHood-RubItem,SourceCharacter rubs her own head with a UsedAsset.
ChatSelf-ItemHood-TickleItem,SourceCharacter tickles her own head with a UsedAsset.
ChatSelf-ItemLegs-Bite,SourceCharacter bites her thigh.
ChatSelf-ItemLegs-Caress,SourceCharacter caresses her thighs.
ChatSelf-ItemLegs-Inject,SourceCharacter injects her thigh.
ChatSelf-ItemLegs-MassageHands,SourceCharacter massages her thighs.
ChatSelf-ItemLegs-MasturbateItem,SourceCharacter masturbates her own thigh with a UsedAsset.
ChatSelf-ItemLegs-PourItem,SourceCharacter pours UsedAsset onto her own thigh.
ChatSelf-ItemLegs-RollItem,SourceCharacter rolls a UsedAsset over her own thigh.
ChatSelf-ItemLegs-RubItem,SourceCharacter rubs her own thigh with a UsedAsset.
ChatSelf-ItemLegs-ShockItem,SourceCharacter shocks her own thigh with a UsedAsset.
ChatSelf-ItemLegs-Spank,SourceCharacter spanks her own thigh.
ChatSelf-ItemLegs-SpankItem,SourceCharacter hits her thigh with her UsedAsset.
ChatSelf-ItemLegs-StruggleLegs,SourceCharacter thrashes around in her bindings.
ChatSelf-ItemLegs-Tickle,SourceCharacter tickles her thighs.
ChatSelf-ItemLegs-TickleItem,SourceCharacter tickles her own thigh with a UsedAsset.
ChatSelf-ItemLegs-Wiggle,SourceCharacter rubs her thighs together.
ChatSelf-ItemMouth-Bite,SourceCharacter bites her lips.
ChatSelf-ItemMouth-Caress,SourceCharacter caresses and wipes her mouth clean.
ChatSelf-ItemMouth-HandGag,SourceCharacter clamps her hand over her mouth.
ChatSelf-ItemMouth-Lick,SourceCharacter licks her lips.
ChatSelf-ItemMouth-MoanGag,SourceCharacter moans into her gag.
ChatSelf-ItemMouth-MoanGagAngry,SourceCharacter screams furiously into her gag.
ChatSelf-ItemMouth-MoanGagGiggle,SourceCharacter giggles into her gag.
ChatSelf-ItemMouth-MoanGagGroan,SourceCharacter groans desperately into her gag.
ChatSelf-ItemMouth-MoanGagTalk,SourceCharacter mumbles incoherently into her gag.
ChatSelf-ItemMouth-MoanGagWhimper,SourceCharacter whimpers pleadingly into her gag.
ChatSelf-ItemMouth-Nibble,SourceCharacter nibbles her lips.
ChatSelf-ItemMouth-RollItem,SourceCharacter rolls a UsedAsset over her own mouth.
ChatSelf-ItemMouth-RubItem,SourceCharacter rubs her own mouth with a UsedAsset.
ChatSelf-ItemMouth-TickleItem,SourceCharacter tickles her own mouth with a UsedAsset.
ChatSelf-ItemNeck-Caress,SourceCharacter caresses her neck.
ChatSelf-ItemNeck-Choke,SourceCharacter chokes herself.
ChatSelf-ItemNeck-Inject,SourceCharacter injects her neck.
ChatSelf-ItemNeck-MassageHands,SourceCharacter massages her neck.
ChatSelf-ItemNeck-RollItem,SourceCharacter rolls a UsedAsset over her own neck.
ChatSelf-ItemNeck-RubItem,SourceCharacter rubs her own neck with a UsedAsset.
ChatSelf-ItemNeck-ShockItem,SourceCharacter shocks her own neck with a UsedAsset.
ChatSelf-ItemNeck-Tickle,SourceCharacter tickles her neck.
ChatSelf-ItemNeck-TickleItem,SourceCharacter tickles her own neck with a UsedAsset.
ChatSelf-ItemNipples-Caress,SourceCharacter caresses her nipples.
ChatSelf-ItemNipples-Kiss,SourceCharacter kisses her own nipple.
ChatSelf-ItemNipples-Lick,SourceCharacter licks her own nipple.
ChatSelf-ItemNipples-MasturbateItem,SourceCharacter masturbates her own nipple with a UsedAsset.
ChatSelf-ItemNipples-Nibble,SourceCharacter nibbles her own nipple.
ChatSelf-ItemNipples-Pinch,SourceCharacter pinches her own nipple.
ChatSelf-ItemNipples-PourItem,SourceCharacter pours UsedAsset onto her own nipple.
ChatSelf-ItemNipples-Pull,SourceCharacter pulls her nipples.
ChatSelf-ItemNipples-RollItem,SourceCharacter rolls a UsedAsset over her own nipple.
ChatSelf-ItemNipples-RubItem,SourceCharacter rubs her own nipple with a UsedAsset.
ChatSelf-ItemNipples-ShockItem,SourceCharacter shocks her own nipple with a UsedAsset.
ChatSelf-ItemNipples-SpankItem,SourceCharacter hits her own nipple with her UsedAsset.
ChatSelf-ItemNipples-Suck,SourceCharacter sucks on her own nipple.
ChatSelf-ItemNipples-TickleItem,SourceCharacter tickles her own nipple with a UsedAsset.
ChatSelf-ItemNose-Caress,SourceCharacter caresses her nose.
ChatSelf-ItemNose-Choke,SourceCharacter pinches her nostrils closed.
ChatSelf-ItemNose-Pet,SourceCharacter boops her nose.
ChatSelf-ItemNose-Pinch,SourceCharacter pinches her nose.
ChatSelf-ItemNose-Pull,SourceCharacter pulls her nose.
ChatSelf-ItemNose-Rub,SourceCharacter rubs her nose.
ChatSelf-ItemNose-RubItem,SourceCharacter rubs her own nose with a UsedAsset.
ChatSelf-ItemNose-TickleItem,SourceCharacter tickles her own nose with a UsedAsset.
ChatSelf-ItemNose-Wiggle,SourceCharacter wiggles her nose.
ChatSelf-ItemPelvis-Caress,SourceCharacter caresses her tummy.
ChatSelf-ItemPelvis-MassageHands,SourceCharacter massages her tummy.
ChatSelf-ItemPelvis-MasturbateItem,SourceCharacter masturbates her own tummy with a UsedAsset.
ChatSelf-ItemPelvis-Pinch,SourceCharacter pinches her own tummy.
ChatSelf-ItemPelvis-PourItem,SourceCharacter pours UsedAsset onto her own tummy.
ChatSelf-ItemPelvis-RollItem,SourceCharacter rolls a UsedAsset over her own tummy.
ChatSelf-ItemPelvis-RubItem,SourceCharacter rubs her own tummy with a UsedAsset.
ChatSelf-ItemPelvis-ShockItem,SourceCharacter shocks her own tummy with a UsedAsset.
ChatSelf-ItemPelvis-Spank,SourceCharacter spanks her own tummy.
ChatSelf-ItemPelvis-SpankItem,SourceCharacter hits her tummy with her UsedAsset.
ChatSelf-ItemPelvis-Tickle,SourceCharacter tickles her own tummy.
ChatSelf-ItemPelvis-TickleItem,SourceCharacter tickles her own tummy with a UsedAsset.
ChatSelf-ItemPelvis-Wiggle,SourceCharacter wiggles her hips.
ChatSelf-ItemTorso-Caress,SourceCharacter caresses her ribs.
ChatSelf-ItemTorso-MassageHands,SourceCharacter massages her back.
ChatSelf-ItemTorso-PourItem,SourceCharacter pours UsedAsset onto her own back.
ChatSelf-ItemTorso-RollItem,SourceCharacter rolls a UsedAsset over her own back.
ChatSelf-ItemTorso-RubItem,SourceCharacter rubs her own back with a UsedAsset.
ChatSelf-ItemTorso-ShockItem,SourceCharacter shocks her own back with a UsedAsset.
ChatSelf-ItemTorso-Spank,SourceCharacter spanks her own ribs.
ChatSelf-ItemTorso-SpankItem,SourceCharacter hits her ribs with her UsedAsset.
ChatSelf-ItemTorso-Tickle,SourceCharacter tickles her own ribs.
ChatSelf-ItemTorso-TickleItem,SourceCharacter tickles her own back with a UsedAsset.
ChatSelf-ItemTorso-Wiggle,SourceCharacter wiggles her body.
ChatSelf-ItemVulva-Caress,SourceCharacter caresses her pussy.
ChatSelf-ItemVulva-MasturbateFist,SourceCharacter fists and masturbates her pussy.
ChatSelf-ItemVulva-MasturbateHand,SourceCharacter masturbates her pussy.
ChatSelf-ItemVulva-MasturbateItem,SourceCharacter masturbates her own vulva with a UsedAsset.
ChatSelf-ItemVulva-RubItem,SourceCharacter rubs her own vulva with a UsedAsset.
ChatSelf-ItemVulva-ShockItem,SourceCharacter shocks her own vulva with a UsedAsset.
ChatSelf-ItemVulva-Slap,SourceCharacter slaps her pussy.
ChatSelf-ItemVulva-SpankItem,SourceCharacter hits her pussy with her UsedAsset.
ChatSelf-ItemVulva-TickleItem,SourceCharacter tickles her own vulva with a UsedAsset.
ChatSelf-ItemVulvaPiercings-Caress,SourceCharacter caresses her clitoris.
ChatSelf-ItemVulvaPiercings-Inject,SourceCharacter injects her clitoris.
ChatSelf-ItemVulvaPiercings-MasturbateHand,SourceCharacter masturbates her clitoris.
ChatSelf-ItemVulvaPiercings-MasturbateItem,SourceCharacter masturbates her own clitoris with a UsedAsset.
ChatSelf-ItemVulvaPiercings-RubItem,SourceCharacter rubs her own clitoris with a UsedAsset.
ChatSelf-ItemVulvaPiercings-ShockItem,SourceCharacter shocks her own clitoris with a UsedAsset.
ChatSelf-ItemVulvaPiercings-Slap,SourceCharacter slaps her clitoris.
ChatSelf-ItemVulvaPiercings-SpankItem,SourceCharacter hits her clitoris with her UsedAsset.
ChatSelf-ItemVulvaPiercings-TickleItem,SourceCharacter tickles her own clitoris with a UsedAsset.
